solver_name,total_mazes,success_rate,avg_solve_time,median_solve_time,avg_path_length,first_trial_success_rate,avg_trials_needed,max_trials_needed
OpenAISolver-gpt-4.1-gpt41-ascii,130,4.615384615384616,21.04075314265031,20.08088195323944,11.666666666666666,2.307692307692308,4.8538461538461535,5.0
OpenAISolver-gpt-4.1-gpt41-emoji,130,6.923076923076923,22.254923130915714,21.926154017448425,12.777777777777779,3.076923076923077,4.7846153846153845,5.0
OpenAISolver-o4-mini-o4mini-ascii-maxtrials=3,130,62.30769230769231,240.14845862938807,185.98650014400482,27.938271604938272,46.92307692307692,1.9615384615384615,3.0
OpenAISolver-o4-mini-o4mini-emoji-maxtrials=3,130,57.692307692307686,154.44000910245455,121.22885012626648,25.986666666666668,45.38461538461539,1.9923076923076923,3.0
MazelibCollisionSolver-collision,130,100.0,0.0007323173376230093,0.0003846883773803711,37.83076923076923,,,
MazelibBacktrackingSolver-backtracking,130,100.0,0.002823959864102877,0.0005555152893066406,37.83076923076923,,,
